	name_surname	comment_text	time
0	Kristina Rozental	Sunday	2019-04-23 12:25:25
1	Sergey Nasheda	September	2019-04-23 12:25:31
2	Sergey Nasheda	Serious	2019-04-23 12:25:41
3	Sergey Nasheda	Service	2019-04-23 12:25:53
4	Sergey Nasheda	Shape	2019-04-23 12:26:07
5	Sergey Nasheda	Small	2019-04-23 12:26:20
6	Kristina Rozental	Sand	2019-04-23 12:26:20
7	Sergey Nasheda	Secret	2019-04-23 12:26:34
8	Kristina Rozental	Salary	2019-04-23 12:26:38
9	Sergey Nasheda	School	2019-04-23 12:26:45
10	Ekaterina Gracheva	Science	2019-04-23 12:26:48
11	Sergey Nasheda	Search	2019-04-23 12:26:57
12	Ekaterina Gracheva	Secret	2019-04-23 12:26:57
13	Ekaterina Gracheva	Sweet	2019-04-23 12:27:07
14	Sergey Nasheda	Saint	2019-04-23 12:27:12
15	Sergey Nasheda	Salt	2019-04-23 12:27:22
16	Kristina Rozental	Sea	2019-04-23 12:27:35
17	Sergey Nasheda	Sweet	2019-04-23 12:27:38
18	Sergey Nasheda	Surprise	2019-04-23 12:27:55
19	Kristina Rozental	Seldom	2019-04-23 12:28:16
20	Sergey Nasheda	Sword	2019-04-23 12:28:29
21	Sergey Nasheda	Symmetrical	2019-04-23 12:28:44
22	Kristina Rozental	Shadow	2019-04-23 12:28:46
23	Sergey Nasheda	Swamp	2019-04-23 12:28:55
24	Roma Batrak	Silence	2019-04-23 12:29:00
25	Kristina Rozental	Shine	2019-04-23 12:29:03
26	Sergey Nasheda	Surf	2019-04-23 12:29:05
27	Sergey Nasheda	Support	2019-04-23 12:29:16
28	Sergey Nasheda	Sunset	2019-04-23 12:29:24
29	Kristina Rozental	Shy	2019-04-23 12:29:34
30	Sergey Nasheda	Sunrise	2019-04-23 12:29:35
31	Sergey Nasheda	Sunlight	2019-04-23 12:29:45
32	Roma Batrak	Sun	2019-04-23 12:29:46
33	Sergey Nasheda	Sun	2019-04-23 12:29:52
34	Roma Batrak	Son	2019-04-23 12:30:01
35	Sergey Nasheda	Successful	2019-04-23 12:30:01
36	Kristina Rozental	Sign	2019-04-23 12:30:01
37	Sergey Nasheda	Succeed	2019-04-23 12:30:09
38	Roma Batrak	Successful	2019-04-23 12:30:10
39	Sergey Nasheda	Subject	2019-04-23 12:30:19
40	Sergey Nasheda	Stupid	2019-04-23 12:30:31
41	Kristina Rozental	Silver	2019-04-23 12:30:33
42	Sergey Nasheda	Suburb	2019-04-23 12:30:40
43	Kristina Rozental	Soft	2019-04-23 12:30:55
44	Kristina Rozental	Spirit	2019-04-23 12:31:39
45	Sergey Nasheda	Screen	2019-04-23 12:31:49
46	Sergey Nasheda	Scholar	2019-04-23 12:32:02
47	Sergey Nasheda	Saint	2019-04-23 12:32:17
48	Sergey Nasheda	Sensation	2019-04-23 12:32:30
49	Sergey Nasheda	Shake	2019-04-23 12:32:44
50	Sergey Nasheda	Sleep	2019-04-23 12:33:13
51	Kristina Rozental	Serendipitously	2019-04-23 12:33:56
52	Vseslav Demidovich	Stop	2019-04-23 12:34:21
53	Kristina Rozental	Safety	2019-04-23 12:34:25
54	Vseslav Demidovich	Satisfy	2019-04-23 12:34:34
55	Vseslav Demidovich	Sunrise	2019-04-23 12:34:56
56	Vseslav Demidovich	Sad	2019-04-23 12:35:04
57	Kristina Rozental	Sound	2019-04-23 12:35:10
58	Vseslav Demidovich	Slave	2019-04-23 12:35:14
59	Vseslav Demidovich	Sky	2019-04-23 12:35:21
60	Lady Tigresss	sophisticated	2019-04-23 12:35:52
61	Vseslav Demidovich	Sight	2019-04-23 12:36:34
62	Kristina Rozental	Sustainability	2019-04-23 12:36:43
63	Vseslav Demidovich	Soloral	2019-04-23 12:36:52
64	Sergey Nasheda	Smell	2019-04-23 12:37:02
65	Sergey Nasheda	Smile	2019-04-23 12:37:11
66	Sergey Nasheda	Somebody	2019-04-23 12:37:22
67	Vseslav Demidovich	Software	2019-04-23 12:37:22
68	Kristina Rozental	Spunky	2019-04-23 12:37:26
69	Sergey Nasheda	Someone	2019-04-23 12:37:31
70	Vseslav Demidovich	System	2019-04-23 12:37:34
71	Sergey Nasheda	Something	2019-04-23 12:37:38
72	Vseslav Demidovich	Switch	2019-04-23 12:37:42
73	Sergey Nasheda	Sometimes	2019-04-23 12:37:46
74	Kristina Rozental	Survivor	2019-04-23 12:37:55
75	Sergey Nasheda	Song	2019-04-23 12:37:57
76	Vseslav Demidovich	Sacred	2019-04-23 12:38:04
77	Sergey Nasheda	Sparkle	2019-04-23 12:38:11
78	Sergey Nasheda	Speed	2019-04-23 12:38:26
79	Kristina Rozental	Strategic	2019-04-23 12:38:39
80	Sergey Nasheda	Symptom	2019-04-23 12:38:46
81	Sergey Nasheda	Swash	2019-04-23 12:39:14
82	Kristina Rozental	Salute	2019-04-23 12:39:18
83	Sergey Nasheda	Summer	2019-04-23 12:39:32
84	Kristina Rozental	Sufficiency	2019-04-23 12:40:02
85	Sergey Nasheda	Style	2019-04-23 12:40:09
86	Sergey Nasheda	Studio	2019-04-23 12:40:24
87	Sergey Nasheda	Soon	2019-04-23 12:40:38
88	Sergey Nasheda	Solid	2019-04-23 12:40:50
89	Sergey Nasheda	Small	2019-04-23 12:41:04
90	Sergey Nasheda	Smaller	2019-04-23 12:41:13
91	Sergey Nasheda	Slave	2019-04-23 12:41:36
92	Alfia Khuzina	Sparrow	2019-04-23 12:42:43
93	Dima Shakilov	swallow	2019-04-23 12:50:48
94	Dima Shakilov	soap	2019-04-23 12:50:56
95	Dima Shakilov	seek	2019-04-23 12:51:00
96	Dima Shakilov	strange	2019-04-23 12:51:04
97	Dima Shakilov	sangoma	2019-04-23 12:52:31
98	Dima Shakilov	sarmie	2019-04-23 12:52:42
99	Dima Shakilov	saucier	2019-04-23 12:52:54
100	Dima Shakilov	saudade	2019-04-23 12:53:06
101	Dima Shakilov	scofflaw	2019-04-23 12:53:15
102	Dima Shakilov	screenager	2019-04-23 12:53:31
103	Dima Shakilov	scrippage	2019-04-23 12:53:46
104	Dima Shakilov	shofar	2019-04-23 12:54:18
105	Dima Shakilov	sesquipedalian	2019-04-23 12:55:05
106	Egor Zinchenko	Satisfaction	2019-04-23 12:56:24
107	Egor Zinchenko	Sugar	2019-04-23 12:56:41
108	Egor Zinchenko	Squad	2019-04-23 12:56:53
109	Egor Zinchenko	Squirrel	2019-04-23 12:57:02
110	Egor Zinchenko	System	2019-04-23 12:57:15
111	Egor Zinchenko	Space	2019-04-23 12:57:35
112	Egor Zinchenko	Sophomore	2019-04-23 12:58:07
113	Vyacheslav Solodilov	Shadow	2019-04-23 13:04:48
114	Angelina Verkhoshanskaya	Sunshine	2019-04-23 13:10:45
115	Anastasia Besfamilnaya	Sarmie	2019-04-23 13:16:51
116	Yura Pisarenko	super	2019-04-23 13:22:57
117	Yura Pisarenko	spirit	2019-04-23 13:24:02
118	Yura Pisarenko	Spiel	2019-04-23 13:24:55
119	Yura Pisarenko	Sex	2019-04-23 13:25:10
120	Toma Tarasova	School	2019-04-23 13:25:15
121	Valeria Kosenko	Suffer	2019-04-23 13:25:20
122	Toma Tarasova	Symphony	2019-04-23 13:25:21
123	Toma Tarasova	Sale	2019-04-23 13:25:25
124	Toma Tarasova	Selfishness	2019-04-23 13:25:32
125	Toma Tarasova	Selfish	2019-04-23 13:25:36
126	Toma Tarasova	Sundhine	2019-04-23 13:25:41
127	Toma Tarasova	Sunrice	2019-04-23 13:25:45
128	Toma Tarasova	Slimming	2019-04-23 13:25:50
129	Toma Tarasova	Short	2019-04-23 13:25:55
130	Toma Tarasova	Southside	2019-04-23 13:26:01
131	Toma Tarasova	South	2019-04-23 13:26:16
132	Toma Tarasova	Short	2019-04-23 13:26:21
133	Toma Tarasova	Sport	2019-04-23 13:26:24
134	Toma Tarasova	Swimming	2019-04-23 13:26:29
135	Toma Tarasova	Swing	2019-04-23 13:26:37
136	Toma Tarasova	Swinging	2019-04-23 13:26:45
137	Toma Tarasova	Sing	2019-04-23 13:26:48
138	Toma Tarasova	Singer	2019-04-23 13:26:52
139	Yura Pisarenko	Sycophant	2019-04-23 13:26:53
140	Toma Tarasova	Song	2019-04-23 13:26:55
141	Toma Tarasova	Son	2019-04-23 13:26:59
142	Toma Tarasova	Switch	2019-04-23 13:27:03
143	Toma Tarasova	So	2019-04-23 13:27:14
144	Toma Tarasova	Slide	2019-04-23 13:27:19
145	Toma Tarasova	Slightly	2019-04-23 13:27:24
146	Toma Tarasova	Slow	2019-04-23 13:27:27
147	Toma Tarasova	Slowly	2019-04-23 13:27:31
148	Toma Tarasova	Saturday	2019-04-23 13:27:38
149	Toma Tarasova	Saturn	2019-04-23 13:27:43
150	Toma Tarasova	Software	2019-04-23 13:27:53
151	Toma Tarasova	Should	2019-04-23 13:27:57
152	Toma Tarasova	Shampoo	2019-04-23 13:28:06
153	Toma Tarasova	Sunday	2019-04-23 13:28:29
154	Toma Tarasova	Star	2019-04-23 13:28:32
155	Toma Tarasova	Start	2019-04-23 13:28:35
156	Toma Tarasova	Starting	2019-04-23 13:28:40
157	Toma Tarasova	Starving	2019-04-23 13:28:45
158	Toma Tarasova	Starbucks	2019-04-23 13:28:51
159	Toma Tarasova	Sturring	2019-04-23 13:28:58
160	Toma Tarasova	Square	2019-04-23 13:29:03
161	Toma Tarasova	Squeeze	2019-04-23 13:29:07
162	Toma Tarasova	Squad	2019-04-23 13:29:11
163	Toma Tarasova	Squash	2019-04-23 13:29:24
164	Toma Tarasova	Soon	2019-04-23 13:29:31
165	Toma Tarasova	Slot	2019-04-23 13:29:37
166	Toma Tarasova	Sloan	2019-04-23 13:29:41
167	Toma Tarasova	Sloganeering	2019-04-23 13:29:48
168	Toma Tarasova	Stephen	2019-04-23 13:29:54
169	Toma Tarasova	Still	2019-04-23 13:29:59
170	Toma Tarasova	Study	2019-04-23 13:30:03
171	Toma Tarasova	Studying	2019-04-23 13:30:10
172	Toma Tarasova	Squirrel	2019-04-23 13:30:46
173	Toma Tarasova	Simply	2019-04-23 13:30:56
174	Toma Tarasova	Simple	2019-04-23 13:31:00
175	Toma Tarasova	Symptoms	2019-04-23 13:31:05
176	Toma Tarasova	Synopsis	2019-04-23 13:31:10
177	Nikita Chibisov	same	2019-04-23 13:33:44
178	Nikita Chibisov	some	2019-04-23 13:33:48
179	Nikita Chibisov	Simpsons	2019-04-23 13:33:57
180	Nikita Chibisov	soldiers	2019-04-23 13:34:04
181	Nikita Chibisov	serially	2019-04-23 13:34:22
182	Nikita Chibisov	solenoid	2019-04-23 13:34:33
183	Nikita Chibisov	say	2019-04-23 13:35:04
184	Nikita Chibisov	sad	2019-04-23 13:35:35
185	Armen Davtyan	Shape	2019-04-23 13:41:02
186	Armen Davtyan	Sugar	2019-04-23 13:41:09
187	Armen Davtyan	Salary	2019-04-23 13:41:12
188	Armen Davtyan	slip	2019-04-23 13:44:35
189	Armen Davtyan	show	2019-04-23 13:44:42
190	Armen Davtyan	seria	2019-04-23 13:44:48
191	Armen Davtyan	severe	2019-04-23 13:44:54
192	Armen Davtyan	send	2019-04-23 13:45:00
193	Armen Davtyan	sell	2019-04-23 13:45:03
194	Armen Davtyan	security	2019-04-23 13:45:07
195	Vsevolod Kadykov	sorry	2019-04-23 13:45:13
196	Armen Davtyan	sound	2019-04-23 13:45:14
197	Armen Davtyan	set	2019-04-23 13:45:18
198	Armen Davtyan	side	2019-04-23 13:45:28
199	Armen Davtyan	silk	2019-04-23 13:45:43
200	Armen Davtyan	sign	2019-04-23 13:45:52
201	Armen Davtyan	sight	2019-04-23 13:45:56
202	Armen Davtyan	signal	2019-04-23 13:46:01
203	Armen Davtyan	silly	2019-04-23 13:46:04
204	Armen Davtyan	simple	2019-04-23 13:46:08
205	Armen Davtyan	silver	2019-04-23 13:46:12
206	Armen Davtyan	serious	2019-04-23 13:46:15
207	Armen Davtyan	separation	2019-04-23 13:46:23
208	Armen Davtyan	senate	2019-04-23 13:46:29
209	Armen Davtyan	select	2019-04-23 13:46:38
210	Armen Davtyan	seek	2019-04-23 13:46:46
211	Armen Davtyan	season	2019-04-23 13:46:51
212	Armen Davtyan	seal	2019-04-23 13:46:53
213	Armen Davtyan	shade	2019-04-23 13:46:57
214	Armen Davtyan	shadow	2019-04-23 13:47:00
215	Armen Davtyan	sock	2019-04-23 13:47:06
216	Armen Davtyan	snake	2019-04-23 13:47:10
217	Armen Davtyan	spot	2019-04-23 13:47:16
218	Armen Davtyan	spring	2019-04-23 13:47:22
219	Armen Davtyan	solution	2019-04-23 13:47:30
220	Armen Davtyan	soldier	2019-04-23 13:47:38
221	Armen Davtyan	stick	2019-04-23 13:47:50
222	Armen Davtyan	star	2019-04-23 13:47:57
223	Armen Davtyan	stare	2019-04-23 13:48:00
224	Armen Davtyan	stay	2019-04-23 13:48:19
225	Armen Davtyan	subject	2019-04-23 13:48:25
226	Armen Davtyan	steal	2019-04-23 13:48:50
227	Armen Davtyan	steak	2019-04-23 13:48:53
228	Armen Davtyan	steam	2019-04-23 13:48:56
229	Armen Davtyan	steady	2019-04-23 13:49:00
230	Armen Davtyan	stair	2019-04-23 13:49:16
231	Armen Davtyan	stable	2019-04-23 13:49:19
232	Armen Davtyan	square	2019-04-23 13:49:23
233	Armen Davtyan	strike	2019-04-23 13:49:27
234	Armen Davtyan	such	2019-04-23 13:49:33
235	Armen Davtyan	suggest	2019-04-23 13:49:44
236	Armen Davtyan	sweep	2019-04-23 13:49:55
237	Armen Davtyan	sweet	2019-04-23 13:49:57
238	Armen Davtyan	swear	2019-04-23 13:50:01
239	Armen Davtyan	survey	2019-04-23 13:50:05
240	Armen Davtyan	servive	2019-04-23 13:50:08
241	Armen Davtyan	square	2019-04-23 13:53:12
242	Armen Davtyan	stage	2019-04-23 13:53:24
243	Armen Davtyan	stand	2019-04-23 13:53:27
244	Armen Davtyan	structure	2019-04-23 13:53:30
245	Armen Davtyan	studio	2019-04-23 13:53:34
246	Armen Davtyan	substance	2019-04-23 13:53:37
247	Armen Davtyan	successful	2019-04-23 13:53:43
248	Armen Davtyan	swing	2019-04-23 13:53:47
249	Armen Davtyan	switch	2019-04-23 13:53:51
250	Armen Davtyan	swollen	2019-04-23 13:53:54
251	Armen Davtyan	system	2019-04-23 13:54:05
252	Armen Davtyan	stranger	2019-04-23 13:54:12
253	Masha Zubkova	Season	2019-04-23 14:17:27
254	Masha Zubkova	Stunt	2019-04-23 14:17:31
255	Masha Zubkova	Surround	2019-04-23 14:18:25
256	Masha Zubkova	Stuck	2019-04-23 14:18:57
257	Masha Zubkova	Sickness	2019-04-23 14:19:23
258	Masha Zubkova	Sort	2019-04-23 14:20:03
259	Masha Zubkova	Silver	2019-04-23 14:21:01
260	Masha Zubkova	Silent	2019-04-23 14:21:10
261	Masha Zubkova	Silk	2019-04-23 14:21:19
262	Masha Zubkova	Silly	2019-04-23 14:21:42
263	Masha Zubkova	Satisfaction	2019-04-23 14:22:12
264	Masha Zubkova	Switch	2019-04-23 14:26:00
265	Masha Zubkova	Solution	2019-04-23 14:26:10
266	Masha Zubkova	Solitude	2019-04-23 14:26:20
267	Masha Zubkova	Squirrel	2019-04-23 14:27:10
268	Masha Zubkova	Somebody	2019-04-23 14:27:48
269	Masha Zubkova	Symbol	2019-04-23 14:28:15
270	Masha Zubkova	Slave	2019-04-23 14:28:40
271	Masha Zubkova	Seasick	2019-04-23 14:28:52
272	Masha Zubkova	Seaside	2019-04-23 14:28:57
273	Masha Zubkova	Strong	2019-04-23 14:29:05
274	Masha Zubkova	Siblings	2019-04-23 14:30:14
275	Masha Zubkova	Saturday	2019-04-23 14:30:21
276	Masha Zubkova	Sunday	2019-04-23 14:30:28
277	Masha Zubkova	Send	2019-04-23 14:30:47
278	Masha Zubkova	Seconds	2019-04-23 14:31:24
279	Masha Zubkova	Sleeve	2019-04-23 14:32:13
280	Masha Zubkova	Street	2019-04-23 14:33:02
281	Masha Zubkova	Support	2019-04-23 14:33:49
282	Masha Zubkova	Statement	2019-04-23 14:34:00
283	Masha Zubkova	Spoil	2019-04-23 14:35:19
284	Masha Zubkova	Star	2019-04-23 14:35:24
285	Masha Zubkova	Start	2019-04-23 14:35:29
286	Masha Zubkova	Student	2019-04-23 14:35:57
287	Masha Zubkova	Smart	2019-04-23 14:36:08
288	Masha Zubkova	Saddle	2019-04-23 14:36:48
289	Anna Salmakova	Separation	2019-04-23 14:39:42
290	Pavel Schekotov	subscribe	2019-04-23 14:45:24
291	Vladislav Furashev	Suitcase	2019-04-23 14:49:58
292	Vladislav Furashev	Sunday	2019-04-23 14:50:52
293	Vladislav Furashev	Subway	2019-04-23 14:51:15
294	Vladislav Furashev	Station	2019-04-23 14:51:27
295	Vladislav Furashev	String	2019-04-23 14:51:38
296	Vladislav Furashev	Sound	2019-04-23 14:51:44
297	Vladislav Furashev	Scissors	2019-04-23 14:51:58
298	Vladislav Furashev	Sun	2019-04-23 14:52:04
299	Vladislav Furashev	Swim	2019-04-23 14:52:17
300	Vladislav Furashev	Sun	2019-04-23 14:52:04
301	Vladislav Furashev	Swim	2019-04-23 14:52:17
302	Vladislav Furashev	Swear	2019-04-23 14:52:25
303	Vladislav Furashev	She	2019-04-23 14:52:31
304	Vladislav Furashev	Single	2019-04-23 14:52:47
305	Vladislav Furashev	Simple	2019-04-23 14:52:54
306	Vladislav Furashev	Sleep	2019-04-23 14:53:02
307	Vladislav Furashev	Slice	2019-04-23 14:53:19
308	Vladislav Furashev	Saturday	2019-04-23 14:53:36
309	Vladislav Furashev	Study	2019-04-23 14:53:43
310	Vladislav Furashev	Start	2019-04-23 14:53:50
311	Vladislav Furashev	Switch	2019-04-23 14:54:05
312	Vladislav Furashev	Smile	2019-04-23 14:54:21
313	Vladislav Furashev	Street	2019-04-23 14:54:38
314	Vladislav Furashev	School	2019-04-23 14:54:48
315	Vladislav Furashev	Success	2019-04-23 14:55:00
316	Vladislav Furashev	Should	2019-04-23 14:55:13
317	Vladislav Furashev	Sure	2019-04-23 14:55:24
318	Vladislav Furashev	Show	2019-04-23 14:55:31
319	Vladislav Furashev	Secretary	2019-04-23 14:55:48
320	Vladislav Furashev	Say	2019-04-23 14:55:58
321	Vladislav Furashev	Summer	2019-04-23 14:56:09
322	Vladislav Furashev	Soon	2019-04-23 14:56:18
323	Vladislav Furashev	Son	2019-04-23 14:56:27
324	Vladislav Furashev	Seems	2019-04-23 14:56:55
325	Vladislav Furashev	See	2019-04-23 14:57:00
326	Vladislav Furashev	Sad	2019-04-23 14:57:08
327	Vladislav Furashev	Shoe	2019-04-23 14:57:51
328	Vladislav Furashev	Shopping	2019-04-23 14:57:57
329	Vladislav Furashev	Sunglasses	2019-04-23 14:58:08
330	Vladislav Furashev	Send	2019-04-23 14:58:31
331	Vladislav Furashev	Stupid	2019-04-23 14:58:43
332	Vladislav Furashev	Suffer	2019-04-23 14:59:01
333	Vladislav Furashev	Square	2019-04-23 14:59:18
334	Vladislav Furashev	Sand of time	2019-04-23 14:59:38
335	Vladislav Furashev	Soul	2019-04-23 14:59:42
336	Vladislav Furashev	Skills	2019-04-23 15:00:00
337	Vladislav Furashev	Sister	2019-04-23 15:00:06
338	Vladislav Furashev	Space	2019-04-23 15:00:27
339	Vladislav Furashev	Sand	2019-04-23 15:00:35
340	Vladislav Furashev	Shower	2019-04-23 15:00:47
341	Vladislav Furashev	Snow	2019-04-23 15:00:53
342	Vladislav Furashev	Storm	2019-04-23 15:00:59
343	Vladislav Furashev	Strong	2019-04-23 15:01:50
344	Vladislav Furashev	Slow	2019-04-23 15:02:13
345	Vladislav Furashev	Speed	2019-04-23 15:03:11
346	Vladislav Furashev	Slowly	2019-04-23 15:04:14
347	Vladislav Furashev	Seasons	2019-04-23 15:05:54
348	Vladislav Furashev	Smell	2019-04-23 15:06:07
349	Vladislav Furashev	Smoke	2019-04-23 15:06:13
350	Vladislav Furashev	Spirit	2019-04-23 15:06:38
351	Vladislav Furashev	Spider	2019-04-23 15:06:44
352	Vladislav Furashev	Spill	2019-04-23 15:06:50
353	Vladislav Furashev	Spice	2019-04-23 15:07:02
354	Vladislav Furashev	Sugar	2019-04-23 15:07:08
355	Vladislav Furashev	Speak	2019-04-23 15:07:33
356	Vladislav Furashev	Spend	2019-04-23 15:07:48
357	Vladislav Furashev	Save	2019-04-23 15:08:04
358	Vladislav Furashev	Seven	2019-04-23 15:08:15
359	Vladislav Furashev	Script	2019-04-23 15:09:18
360	Vladislav Furashev	Scroll	2019-04-23 15:09:26
361	Vladislav Furashev	Screen	2019-04-23 15:09:35
362	Vladislav Furashev	South	2019-04-23 15:09:48
363	Vladislav Furashev	Side	2019-04-23 15:09:56
364	Vladislav Furashev	Site	2019-04-23 15:10:11
365	Vladislav Furashev	Sky	2019-04-23 15:12:44
366	Vladislav Furashev	Soft	2019-04-23 15:13:22
367	Vladislav Furashev	Shoot	2019-04-23 15:13:39
368	Vladislav Furashev	Spell	2019-04-23 15:13:59
369	Vladislav Furashev	Special	2019-04-23 15:14:22
370	Vladislav Furashev	Sneeze	2019-04-23 15:14:43
371	Vladislav Furashev	Snake	2019-04-23 15:14:55
372	Vladislav Furashev	Spy	2019-04-23 15:15:30
373	Vladislav Furashev	Set	2019-04-23 15:15:40
374	Vladislav Furashev	Soldier	2019-04-23 15:16:48
375	Vladislav Furashev	Sea	2019-04-23 15:17:04
376	Vladislav Furashev	Sheet	2019-04-23 15:18:10
377	Vladislav Furashev	Short	2019-04-23 15:18:28
378	Vladislav Furashev	Skull	2019-04-23 15:18:59
379	Vladislav Furashev	Skeleton	2019-04-23 15:19:14
380	Vladislav Furashev	Salty	2019-04-23 15:21:02
381	Vladislav Furashev	Salt	2019-04-23 15:21:19
382	Vladislav Furashev	Salad	2019-04-23 15:21:57
383	Vladislav Furashev	Small	2019-04-23 15:22:51
384	Vladislav Furashev	Serious	2019-04-23 15:23:18
385	Roma Sayfudinov	Science	2019-04-23 15:23:42
386	Roma Sayfudinov	sorrow	2019-04-23 15:23:52
387	Vladislav Furashev	Salmon	2019-04-23 15:23:58
388	Roma Sayfudinov	selfish	2019-04-23 15:24:00
389	Roma Sayfudinov	september	2019-04-23 15:24:09
390	Roma Sayfudinov	solid	2019-04-23 15:24:18
391	Vladislav Furashev	Sponge	2019-04-23 15:24:29
392	Vladislav Furashev	Soup	2019-04-23 15:24:50
393	Vladislav Furashev	Spoon	2019-04-23 15:26:12
394	Vladislav Furashev	Sing	2019-04-23 15:27:18
395	Vladislav Furashev	Sell	2019-04-23 15:27:39
396	Vladislav Furashev	Sorbet	2019-04-23 15:29:38
397	Vladislav Furashev	Stand	2019-04-23 15:31:57
398	Vladislav Furashev	Stop	2019-04-23 15:32:03
399	Vladislav Furashev	Script	2019-04-23 15:33:46
400	Vladislav Furashev	Spring	2019-04-23 15:35:00
401	Vladislav Furashev	Second	2019-04-23 15:35:30
402	Vladislav Furashev	Stone	2019-04-23 15:36:05
403	Vladislav Furashev	Six	2019-04-23 15:37:03
404	Vladislav Furashev	Sex	2019-04-23 15:37:07
405	Vladislav Furashev	Sofa	2019-04-23 15:37:50
406	Vladislav Furashev	Santa	2019-04-23 15:39:38
407	Vladislav Furashev	Seventeen	2019-04-23 15:40:05
408	Vladislav Furashev	Sixteen	2019-04-23 15:40:14
409	Denis Permikin	Shame	2019-04-23 15:41:36
410	Denis Permikin	Sunset	2019-04-23 15:41:44
411	Denis Permikin	Sure	2019-04-23 15:41:50
412	Denis Permikin	Sorry	2019-04-23 15:41:54
413	Denis Permikin	She	2019-04-23 15:41:57
414	Denis Permikin	Spend	2019-04-23 15:42:08
415	Denis Permikin	Space	2019-04-23 15:42:14
416	Denis Permikin	Spam	2019-04-23 15:42:21
417	Denis Permikin	System	2019-04-23 15:42:28
418	Denis Permikin	Symptom	2019-04-23 15:42:35
419	Denis Permikin	Sympathy	2019-04-23 15:42:49
420	Denis Permikin	Symphony	2019-04-23 15:43:01
421	Denis Permikin	Sparrow	2019-04-23 15:43:13
422	Denis Permikin	Spa	2019-04-23 15:43:20
423	Denis Permikin	Self	2019-04-23 15:43:41
424	Denis Permikin	Selection	2019-04-23 15:43:48
425	Denis Permikin	Still	2019-04-23 15:43:53
426	Denis Permikin	Strong	2019-04-23 15:44:00
427	Denis Permikin	Spring	2019-04-23 15:44:06
428	Denis Permikin	Sprint	2019-04-23 15:44:12
429	Denis Permikin	Steam	2019-04-23 15:44:35
430	Denis Permikin	Speak	2019-04-23 15:44:45
431	Vladislav Furashev	Sign	2019-04-23 15:44:47
432	Denis Permikin	Stress	2019-04-23 15:44:57
433	Denis Permikin	Song	2019-04-23 15:45:04
434	Denis Permikin	Sing	2019-04-23 15:45:08
435	Denis Permikin	Sleep	2019-04-23 15:45:13
436	Denis Permikin	Slow	2019-04-23 15:45:18
437	Denis Permikin	Slam	2019-04-23 15:45:31
438	Vladislav Furashev	Shadow	2019-04-23 16:01:35
439	Vladislav Furashev	Snack	2019-04-23 16:01:48
440	Vladislav Furashev	Star	2019-04-23 16:02:00
441	Vladislav Furashev	Scarlett	2019-04-23 16:02:23
442	Vladislav Furashev	Spill	2019-04-23 16:02:44
443	Vladislav Furashev	Scorpion	2019-04-23 16:04:25
444	Vladislav Furashev	Step	2019-04-23 16:06:12
445	Vladislav Furashev	Stay	2019-04-23 16:07:23
446	Vladislav Furashev	Stage	2019-04-23 16:07:48
447	Vladislav Furashev	State	2019-04-23 16:07:59
448	Vladislav Furashev	Steel	2019-04-23 16:08:59
449	Vladislav Furashev	Survival	2019-04-23 16:12:32
450	Vladislav Furashev	Soap	2019-04-23 16:12:43
451	Vladislav Furashev	Some	2019-04-23 16:13:00
452	Vladislav Furashev	Suit	2019-04-23 16:13:24
453	Kristina Rozental	Statuesque	2019-04-23 16:14:53
454	Vladislav Furashev	Skin	2019-04-23 16:16:17
455	Kristina Rozental	Straightforwardly	2019-04-23 16:16:23
456	Vladislav Furashev	Skirt	2019-04-23 16:16:28
457	Vladislav Furashev	Sauna	2019-04-23 16:17:24
458	Kristina Rozental	Speleologist	2019-04-23 16:17:36
459	Vladislav Furashev	Score	2019-04-23 16:17:43
460	Vladislav Furashev	Sunset	2019-04-23 16:18:21
461	Kristina Rozental	Surmount	2019-04-23 16:18:36
462	Kristina Rozental	Stereophonic	2019-04-23 16:18:59
463	Kristina Rozental	Sanctimonious	2019-04-23 16:20:07
464	Armen Davtyan	Sap	2019-04-23 16:20:20
465	Armen Davtyan	Sea	2019-04-23 16:20:24
466	Armen Davtyan	Seat	2019-04-23 16:20:28
467	Armen Davtyan	Seclusion	2019-04-23 16:20:31
468	Armen Davtyan	Seem	2019-04-23 16:20:35
469	Armen Davtyan	Seize	2019-04-23 16:20:41
470	Armen Davtyan	Seldom	2019-04-23 16:20:45
471	Armen Davtyan	Serious	2019-04-23 16:20:52
472	Armen Davtyan	Sexton	2019-04-23 16:20:56
473	Armen Davtyan	Shack	2019-04-23 16:20:59
474	Armen Davtyan	Shank	2019-04-23 16:21:08
475	Armen Davtyan	Sheet	2019-04-23 16:21:10
476	Armen Davtyan	Shift	2019-04-23 16:21:14
477	Armen Davtyan	Shine	2019-04-23 16:21:17
478	Armen Davtyan	Shrill	2019-04-23 16:21:21
479	Armen Davtyan	Shrimp	2019-04-23 16:21:25
480	Armen Davtyan	Shrink	2019-04-23 16:21:29
481	Armen Davtyan	Shut	2019-04-23 16:21:33
482	Armen Davtyan	Shy	2019-04-23 16:21:40
483	Armen Davtyan	Sick	2019-04-23 16:21:44
484	Armen Davtyan	Side	2019-04-23 16:21:47
485	Armen Davtyan	Sideways	2019-04-23 16:21:55
486	Armen Davtyan	Sifting	2019-04-23 16:21:59
487	Armen Davtyan	Sigh	2019-04-23 16:22:04
488	Armen Davtyan	Silent	2019-04-23 16:22:08
489	Armen Davtyan	Silently	2019-04-23 16:22:12
490	Armen Davtyan	Silk	2019-04-23 16:22:15
491	Armen Davtyan	Silver	2019-04-23 16:22:18
492	Armen Davtyan	Silvery	2019-04-23 16:22:21
493	Armen Davtyan	Similar	2019-04-23 16:22:24
494	Armen Davtyan	Sin	2019-04-23 16:22:29
495	Armen Davtyan	Since	2019-04-23 16:22:33
496	Armen Davtyan	Sincere	2019-04-23 16:22:42
497	Armen Davtyan	Sincerity	2019-04-23 16:22:45
498	Vladislav Furashev	Strong-willed	2019-04-23 16:22:48
499	Armen Davtyan	Single	2019-04-23 16:22:49
500	Armen Davtyan	Single	2019-04-23 16:22:49
501	Armen Davtyan	Sink	2019-04-23 16:22:54
502	Armen Davtyan	Sketch	2019-04-23 16:22:58
503	Armen Davtyan	Slant	2019-04-23 16:23:02
504	Armen Davtyan	Slave	2019-04-23 16:23:05
505	Armen Davtyan	Sleep	2019-04-23 16:23:08
506	Armen Davtyan	Sleeve	2019-04-23 16:23:11
507	Armen Davtyan	Smell	2019-04-23 16:23:44
508	Armen Davtyan	Smelt	2019-04-23 16:23:48
509	Armen Davtyan	Smile	2019-04-23 16:23:52
510	Armen Davtyan	Snug	2019-04-23 16:23:55
511	Armen Davtyan	Solemn	2019-04-23 16:24:02
512	Armen Davtyan	Solicitor	2019-04-23 16:24:05
513	Armen Davtyan	Solitary	2019-04-23 16:24:09
514	Vladislav Furashev	Skillful	2019-04-23 16:24:20
515	Armen Davtyan	Spear	2019-04-23 16:24:41
516	Armen Davtyan	Speaker	2019-04-23 16:24:50
517	Armen Davtyan	Spear	2019-04-23 16:24:53
518	Armen Davtyan	Speed	2019-04-23 16:24:56
519	Armen Davtyan	Stand	2019-04-23 16:24:59
520	Armen Davtyan	Steer	2019-04-23 16:25:03
521	Armen Davtyan	Steward	2019-04-23 16:25:06
522	Armen Davtyan	Stile	2019-04-23 16:25:10
523	Armen Davtyan	Stir	2019-04-23 16:25:13
524	Vladislav Furashev	Saturation	2019-04-23 16:25:14
525	Armen Davtyan	Stormbound	2019-04-23 16:25:17
526	Armen Davtyan	Stride	2019-04-23 16:25:46
527	Armen Davtyan	Strike	2019-04-23 16:25:52
528	Armen Davtyan	Stripe	2019-04-23 16:26:00
529	Vladislav Furashev	Sweet tooth	2019-04-23 16:26:32
530	Vladislav Furashev	Shall	2019-04-23 16:26:59
531	Vladislav Furashev	Shake	2019-04-23 16:27:13
532	Vladislav Furashev	Spray	2019-04-23 16:27:33
533	Vladislav Furashev	Smelt	2019-04-23 16:27:47
534	Vladislav Furashev	Smoker	2019-04-23 16:28:57
535	Vladislav Furashev	Scan	2019-04-23 16:29:30
536	Rina Karpova	soundmind	2019-04-23 16:29:49
537	Vladislav Furashev	Stream	2019-04-23 16:29:51
538	Kristina Rozental	Supercalifragilisticexpialidocious	2019-04-23 16:30:07
539	Vladislav Furashev	See	2019-04-23 16:30:52
540	Vladislav Furashev	Saw	2019-04-23 16:31:03
541	Vladislav Furashev	Striker	2019-04-23 16:31:59
542	Vladislav Furashev	Scooter	2019-04-23 16:32:09
543	Vladislav Furashev	Subject	2019-04-23 16:32:36
544	Vladislav Furashev	Submit	2019-04-23 16:32:46
545	Vladislav Furashev	Such	2019-04-23 16:33:15
546	Vladislav Furashev	Stuff	2019-04-23 16:33:44
547	Kristina Rozental	Self-indulgent	2019-04-23 16:33:45
548	Vladislav Furashev	Stage	2019-04-23 16:33:54
549	Kristina Rozental	Starfish	2019-04-23 16:34:09
550	Kristina Rozental	Salmon	2019-04-23 16:38:09
551	Kristina Rozental	Sleepover	2019-04-23 16:39:08
552	Kristina Rozental	Spaghettification	2019-04-23 16:44:26
553	Kristina Rozental	Sudoku	2019-04-23 17:04:20
554	Kristina Rozental	Suspense	2019-04-23 17:04:48
555	Kristina Rozental	Scarecrow	2019-04-23 17:05:20
556	Kristina Rozental	Scientifically	2019-04-23 17:06:07
557	Kristina Rozental	Sidewalk	2019-04-23 17:06:29
558	Kristina Rozental	Suspenders	2019-04-23 17:07:27
559	Kristina Rozental	Skin-walker	2019-04-23 17:09:18
560	Bazar Khadaev	–õ–µ—Ç–Ω—è—è —Ç–µ–º–∞	2019-04-23 18:27:57
561	Vladislav Mamenko	Sake	2019-04-23 18:51:40
562	Vladislav Mamenko	Saint	2019-04-23 18:51:46
563	Vladislav Mamenko	Side	2019-04-23 18:51:52
564	Vladislav Mamenko	Sorrow	2019-04-23 18:52:00
565	Vladislav Mamenko	Sedative	2019-04-23 18:52:17
566	Vladislav Mamenko	Shall	2019-04-23 18:52:21
567	Vladislav Mamenko	Shadow	2019-04-23 18:52:28
568	Vladislav Mamenko	Shallow	2019-04-23 18:52:37
569	Vladislav Mamenko	Soup	2019-04-23 18:52:51
570	Vladislav Mamenko	Soul	2019-04-23 18:52:55
571	Vladislav Mamenko	Stars	2019-04-23 18:53:31
572	Vladislav Mamenko	Snowboard	2019-04-23 18:53:59
573	Vladislav Mamenko	Soda	2019-04-23 18:54:11
574	Vladislav Mamenko	Steering	2019-04-23 18:54:36
575	Vladislav Mamenko	Shore	2019-04-23 18:55:12
576	Vladislav Mamenko	Sadly	2019-04-23 18:55:24
577	Vladislav Mamenko	Slavery	2019-04-23 18:55:55
578	Vladislav Mamenko	Sleep	2019-04-23 18:56:30
579	Vladislav Mamenko	Sheep	2019-04-23 18:56:33
580	Vladislav Mamenko	Super	2019-04-23 18:56:44
581	Vladislav Mamenko	Sadly	2019-04-23 18:56:48
582	Vladislav Mamenko	Sandy	2019-04-23 18:57:02
583	Vladislav Mamenko	Soulless	2019-04-23 18:57:22
584	Vladislav Mamenko	Staircase	2019-04-23 18:57:29
585	Vladislav Mamenko	Secret	2019-04-23 18:57:50
586	Vladislav Mamenko	Send	2019-04-23 18:57:57
587	Vladislav Mamenko	Salesman	2019-04-23 18:58:10
588	Vladislav Mamenko	Sorry	2019-04-23 18:58:21
589	Vladislav Mamenko	Sure	2019-04-23 18:58:34
590	Vladislav Mamenko	Sewage	2019-04-23 18:58:42
591	Vladislav Mamenko	Severe	2019-04-23 18:58:55
592	Vladislav Mamenko	Stop	2019-04-23 18:59:12
593	Vladislav Mamenko	Sink	2019-04-23 18:59:21
594	Vladislav Mamenko	Synchronize	2019-04-23 18:59:29
595	Vladislav Mamenko	Sodium	2019-04-23 18:59:38
596	Vladislav Mamenko	Soda	2019-04-23 18:59:41
597	Vladislav Mamenko	Sacred	2019-04-23 18:59:59
598	Vladislav Mamenko	Socks	2019-04-23 19:00:09
599	Vladislav Mamenko	Server	2019-04-23 19:00:40
600	Vladislav Mamenko	Soda	2019-04-23 18:59:41
601	Vladislav Mamenko	Sacred	2019-04-23 18:59:59
602	Vladislav Mamenko	Socks	2019-04-23 19:00:09
603	Vladislav Mamenko	Server	2019-04-23 19:00:40
604	Vladislav Mamenko	Sever	2019-04-23 19:00:44
605	Vladislav Mamenko	Son	2019-04-23 19:00:55
606	Vladislav Mamenko	Some	2019-04-23 19:01:05
607	Vladislav Mamenko	Slack	2019-04-23 19:01:21
608	Vladislav Mamenko	Smell	2019-04-23 19:01:34
609	Vladislav Mamenko	Strive	2019-04-23 19:01:40
610	Vladislav Mamenko	Sincerely	2019-04-23 19:01:57
611	Vladislav Mamenko	Sin	2019-04-23 19:02:01
612	Vladislav Mamenko	Silk	2019-04-23 19:02:09
613	Vladislav Mamenko	She	2019-04-23 19:02:18
614	Vladislav Mamenko	Set	2019-04-23 19:02:27
615	Vladislav Mamenko	Sometimes	2019-04-23 19:02:55
616	Vladislav Mamenko	Solitaire	2019-04-23 19:03:06
617	Vladislav Mamenko	Sophomore	2019-04-23 19:03:10
618	Vladislav Mamenko	Sanction	2019-04-23 19:03:34
619	Vladislav Mamenko	Sordid	2019-04-23 19:04:19
620	Vladislav Mamenko	Still	2019-04-23 19:04:26
621	Vladislav Mamenko	Selection	2019-04-23 19:04:31
622	Vladislav Mamenko	Secretary	2019-04-23 19:04:36
623	Vladislav Mamenko	Sawmill	2019-04-23 19:04:45
624	Vladislav Mamenko	Saw	2019-04-23 19:04:47
625	Vladislav Mamenko	Sound	2019-04-23 19:05:02
626	Sergey Alexeev	SEQUIN	2019-04-23 21:57:18
627	Nikolay Kononov	speed	2019-04-23 22:06:19
628	Nikolay Kononov	stick	2019-04-23 22:06:28
629	Nikolay Kononov	stunning	2019-04-23 22:06:35
630	Nikolay Kononov	stay	2019-04-23 22:06:43
631	Nikolay Kononov	steal	2019-04-23 22:06:51
632	Nikolay Kononov	stolen	2019-04-23 22:07:00
633	Nikolay Kononov	stuning	2019-04-23 22:07:12
634	Nikolay Kononov	seriously	2019-04-23 22:07:45
635	Nikolay Kononov	sad	2019-04-23 22:08:15
636	Nikolay Kononov	send	2019-04-23 22:08:23
637	Nikolay Kononov	serenity	2019-04-23 22:09:29
638	Alexander Dragovich	Strong	2019-04-23 23:18:17
639	Kirill Vasilyev	Satisfaction	2019-04-24 00:40:20
640	Kirill Vasilyev	Street	2019-04-24 00:40:27
641	Kirill Vasilyev	Stamina	2019-04-24 00:40:43
642	Kirill Vasilyev	Sword	2019-04-24 00:40:57
643	Kirill Vasilyev	Steel	2019-04-24 00:41:02
644	Kirill Vasilyev	Spider	2019-04-24 00:41:07
645	Kirill Vasilyev	Silk	2019-04-24 00:41:14
646	Kirill Vasilyev	Skill	2019-04-24 00:41:17
647	Kirill Vasilyev	Soul	2019-04-24 00:41:22
648	Kirill Vasilyev	South	2019-04-24 00:41:27
649	Kirill Vasilyev	Seal	2019-04-24 00:41:43
650	Kirill Vasilyev	Sun	2019-04-24 00:41:53
651	Kirill Vasilyev	Sex	2019-04-24 00:41:59
652	Kirill Vasilyev	Strike	2019-04-24 00:42:06
653	Kirill Vasilyev	Strength	2019-04-24 00:42:17
654	Kirill Vasilyev	Sacrament	2019-04-24 00:43:28
655	Kirill Vasilyev	Solution	2019-04-24 00:43:35
656	Kirill Vasilyev	Situation	2019-04-24 00:43:41
657	Kirill Vasilyev	Storyteller	2019-04-24 00:44:09
658	Kirill Vasilyev	Start	2019-04-24 00:44:14
659	Kirill Vasilyev	Stomach	2019-04-24 00:44:20
660	Kirill Vasilyev	Stranger	2019-04-24 00:44:33
661	Kirill Vasilyev	Sweet	2019-04-24 00:44:43
662	Kirill Vasilyev	Surreality	2019-04-24 00:45:01
663	Kirill Vasilyev	Subway	2019-04-24 00:45:07
664	Kirill Vasilyev	Submitting	2019-04-24 00:45:37
665	Kirill Vasilyev	Steroid	2019-04-24 00:45:47
666	Kirill Vasilyev	Shop	2019-04-24 00:46:06
667	Kirill Vasilyev	Shipping	2019-04-24 00:46:11
668	Anastasia Khudasova	Sketch	2019-04-24 00:46:12
669	Anastasia Khudasova	Slap	2019-04-24 00:46:30
670	Kirill Vasilyev	Squeezer	2019-04-24 00:46:53
671	Anastasia Khudasova	Snug	2019-04-24 00:46:57
672	Kirill Vasilyev	Space	2019-04-24 00:47:13
673	Anastasia Khudasova	Species	2019-04-24 00:47:23
674	Kirill Vasilyev	Sock	2019-04-24 00:47:40
675	Anastasia Khudasova	Spotless	2019-04-24 00:47:44
676	Kirill Vasilyev	Science	2019-04-24 00:48:02
677	Anastasia Khudasova	Stealthy	2019-04-24 00:48:05
678	Anastasia Khudasova	Strained	2019-04-24 00:48:23
679	Kirill Vasilyev	Shock	2019-04-24 00:48:26
680	Anastasia Khudasova	Sublime	2019-04-24 00:48:43
681	Maria Taskina	Sun	2019-04-24 00:48:51
682	Maria Taskina	Soul	2019-04-24 00:49:02
683	Maria Taskina	Skin	2019-04-24 00:49:06
684	Maria Taskina	Screen	2019-04-24 00:49:08
685	Anastasia Khudasova	Summon	2019-04-24 00:49:17
686	Maria Taskina	Surrender	2019-04-24 00:50:00
687	Maria Taskina	Strong	2019-04-24 00:50:05
688	Maria Taskina	Salt	2019-04-24 00:50:13
689	Maria Taskina	Silver	2019-04-24 00:50:18
690	Maria Taskina	Story	2019-04-24 00:50:22
691	Maria Taskina	Siblings	2019-04-24 00:50:31
692	Maria Taskina	Sister	2019-04-24 00:50:35
693	Maria Taskina	Son	2019-04-24 00:50:39
694	Anastasia Khudasova	Syllable	2019-04-24 00:51:09
695	Maria Taskina	Sleep	2019-04-24 00:51:17
696	Anastasia Khudasova	Suspended	2019-04-24 00:51:32
697	Maria Taskina	Smart	2019-04-24 00:51:41
698	Anastasia Khudasova	Suppressed	2019-04-24 00:51:47
699	Maria Taskina	Sort	2019-04-24 00:52:04
700	Maria Taskina	Sort	2019-04-24 00:52:04
701	Maria Taskina	Sport	2019-04-24 00:52:08
702	Anastasia Khudasova	Suggestion	2019-04-24 00:52:10
703	Maria Taskina	Special	2019-04-24 00:52:12
704	Maria Taskina	Slowly	2019-04-24 00:52:28
705	Maria Taskina	Super	2019-04-24 00:52:32
706	Maria Taskina	Sexy	2019-04-24 00:52:39
707	Maria Taskina	Something	2019-04-24 00:52:44
708	Maria Taskina	Sock	2019-04-24 00:53:46
709	Maria Taskina	Soccer	2019-04-24 00:53:53
710	Maria Taskina	Swim	2019-04-24 00:54:06
711	Maria Taskina	Stand	2019-04-24 00:54:17
712	Maria Taskina	Save	2019-04-24 00:54:28
713	Maria Taskina	Screenshot	2019-04-24 00:54:37
714	Maria Taskina	Scream	2019-04-24 00:54:42
715	Maria Taskina	Shrimp	2019-04-24 00:57:25
716	Maria Taskina	School	2019-04-24 00:57:37
717	Maria Taskina	Shoe	2019-04-24 00:57:41
718	Maria Taskina	Shirt	2019-04-24 00:58:04
719	Maria Taskina	Skip	2019-04-24 00:58:16
720	Maria Taskina	Sky	2019-04-24 00:58:26
721	Maria Taskina	Skiing	2019-04-24 00:58:45
722	Maria Taskina	Sound	2019-04-24 00:58:54
723	Maria Taskina	South	2019-04-24 00:59:02
724	Maria Taskina	Share	2019-04-24 01:00:14
725	Maria Taskina	Shampoo	2019-04-24 01:00:23
726	Maria Taskina	Smash	2019-04-24 01:00:27
727	Maria Taskina	Slash	2019-04-24 01:00:33
728	Yulia Gamirova	Successful	2019-04-24 04:04:10
729	Ruslan Li	Suspicious	2019-04-24 04:51:34
730	Ruslan Li	Surrender	2019-04-24 04:51:44
731	Ruslan Li	Siblings	2019-04-24 04:52:01
732	Armen Davtyan	Soda	2019-04-24 05:12:21
733	Armen Davtyan	Sail	2019-04-24 05:12:26
734	Armen Davtyan	Sailor	2019-04-24 05:12:30
735	Armen Davtyan	Seek	2019-04-24 05:12:35
736	Armen Davtyan	Seven	2019-04-24 05:12:44
737	Armen Davtyan	Serenity	2019-04-24 05:12:49
738	Armen Davtyan	Set	2019-04-24 05:12:53
739	Abdul Makhkamov	Soil	2019-04-24 05:22:33
740	Veranika Kundakchyan	souce	2019-04-24 05:23:23
741	Veranika Kundakchyan	Sale	2019-04-24 05:25:44
742	Veranika Kundakchyan	Supper	2019-04-24 05:26:06
743	Veranika Kundakchyan	super	2019-04-24 05:27:00
744	Veranika Kundakchyan	supernatural	2019-04-24 05:27:27
745	Veranika Kundakchyan	study	2019-04-24 05:28:43
746	Veranika Kundakchyan	schedule	2019-04-24 05:31:51
747	Anastasia Zazerskaya	Surface	2019-04-24 05:57:27
748	Anastasia Zazerskaya	Slice	2019-04-24 05:57:36
749	Anastasia Zazerskaya	Surrounding	2019-04-24 05:57:44
750	Marina S-Kaya	Sentiment	2019-04-24 06:02:05
751	Marina S-Kaya	Superfood	2019-04-24 06:02:29
752	Marina S-Kaya	Salubrity	2019-04-24 06:03:39
753	Marina S-Kaya	Subjective	2019-04-24 06:04:24
754	Natalya Samigulina	Sunbathe	2019-04-24 06:24:40
755	Arkhat Gubaydullin	Sunday	2019-04-24 06:34:56
756	Arkhat Gubaydullin	Sound	2019-04-24 06:35:00
757	Arkhat Gubaydullin	She	2019-04-24 06:35:05
758	Arkhat Gubaydullin	Sometimes	2019-04-24 06:35:12
759	Arkhat Gubaydullin	Sorry	2019-04-24 06:35:17
760	Arkhat Gubaydullin	Short	2019-04-24 06:35:26
761	Arkhat Gubaydullin	Said	2019-04-24 06:35:35
762	Arkhat Gubaydullin	Square	2019-04-24 06:35:45
763	Arkhat Gubaydullin	Sweet	2019-04-24 06:35:48
764	Arkhat Gubaydullin	See	2019-04-24 06:35:53
765	Arkhat Gubaydullin	Soon	2019-04-24 06:35:59
766	Arkhat Gubaydullin	Steal	2019-04-24 06:36:12
767	Arkhat Gubaydullin	Style	2019-04-24 06:36:20
768	Arkhat Gubaydullin	Spring	2019-04-24 06:36:30
769	Arkhat Gubaydullin	Special	2019-04-24 06:36:35
770	Arkhat Gubaydullin	Speak	2019-04-24 06:36:41
771	Arkhat Gubaydullin	Science	2019-04-24 06:36:52
772	Arkhat Gubaydullin	School	2019-04-24 06:36:57
773	Rina Karpova	sewage	2019-04-24 08:27:43
774	Marina S-Kaya	Stance	2019-04-24 08:51:26
775	Marina S-Kaya	Spite	2019-04-24 08:53:36
776	Marina S-Kaya	Sponsion	2019-04-24 08:54:03
777	Marina S-Kaya	Socmanry	2019-04-24 08:54:41
778	Marina S-Kaya	Submortgage	2019-04-24 08:55:39
779	Marina S-Kaya	Surrejoinder	2019-04-24 08:56:15
780	Ariana Askerova	—Ä–µ–±—è—Ç,–∫—Ç–æ —Ä–∞–∑–±–∏—Ä–∞–µ—Ç—Å—è –≤ —ç–∫–≤–∏–≤–∞–ª–µ–Ω—Ç–∞—Ö? –Ω—É–∂–Ω–∞ –ø–æ–º–æ—â—å	2019-04-24 09:53:48
781	Irina Tomilova	Sister	2019-04-24 12:32:31
782	Adam Shakh	–í—Å—Ç–∞–µ–º –Ω–∞ —Ä–µ–ª—å—Å—ã ;)	2019-04-24 12:58:30
783	Alexey Kuzmin	swindlers	2019-04-24 13:03:45
784	Armen Davtyan	sizzles	2019-04-24 14:25:40
785	Armen Davtyan	schmalz	2019-04-24 14:25:45
786	Armen Davtyan	squiffy	2019-04-24 14:25:53
787	Armen Davtyan	sax	2019-04-24 14:26:03
788	Armen Davtyan	sox	2019-04-24 14:26:07
789	Armen Davtyan	ski	2019-04-24 14:26:12
790	Armen Davtyan	sum	2019-04-24 14:26:15
791	Armen Davtyan	sip	2019-04-24 14:26:20
792	Armen Davtyan	skip	2019-04-24 14:26:36
793	Armen Davtyan	skim	2019-04-24 14:26:41
794	Armen Davtyan	sick	2019-04-24 14:26:44
795	Armen Davtyan	sext	2019-04-24 14:26:47
796	Armen Davtyan	squirm	2019-04-24 14:27:01
797	Armen Davtyan	squush	2019-04-24 14:27:05
798	Armen Davtyan	speltz	2019-04-24 14:27:10
799	Armen Davtyan	salat	2019-04-24 14:27:29
800	Armen Davtyan	sick	2019-04-24 14:26:44
801	Armen Davtyan	sext	2019-04-24 14:26:47
802	Armen Davtyan	squirm	2019-04-24 14:27:01
803	Armen Davtyan	squush	2019-04-24 14:27:05
804	Armen Davtyan	speltz	2019-04-24 14:27:10
805	Armen Davtyan	salat	2019-04-24 14:27:29
806	Armen Davtyan	spoon	2019-04-24 14:27:36
807	Armen Davtyan	sale	2019-04-24 14:28:14
808	Anastasia Borzykh	Summer	2019-04-24 15:36:17
809	Andrey Zhirenkov	–û–æ–æ–æ	2019-04-25 10:26:32
810	Andrey Zhirenkov	–ò—Ç–æ–≥–∏ –∫–æ–≥–¥–∞?	2019-04-25 10:26:42
811	Varvara Indyukova	sun	2019-04-25 15:54:06
812	Varvara Indyukova	Satuday	2019-04-25 15:56:01
813	Varvara Indyukova	said	2019-04-25 15:56:10
814	Varvara Indyukova	sauce	2019-04-25 15:56:26
815	Varvara Indyukova	see	2019-04-25 15:56:38
816	Varvara Indyukova	school [	2019-04-25 15:56:55
817	Varvara Indyukova	science	2019-04-25 15:57:22
818	Varvara Indyukova	second	2019-04-25 15:57:40
819	Varvara Indyukova	seem	2019-04-25 15:57:52
820	Varvara Indyukova	short	2019-04-25 15:58:12
821	Varvara Indyukova	side	2019-04-25 15:58:35
822	Varvara Indyukova	sir	2019-04-25 15:58:39
823	Varvara Indyukova	sketchbook	2019-04-25 15:58:59
824	Varvara Indyukova	smell	2019-04-25 15:59:12
825	Varvara Indyukova	small	2019-04-25 15:59:24
826	Polina Nazarenko	Swype	2019-04-25 17:20:25
827	Polina Nazarenko	Sadness	2019-04-25 17:20:47
828	Polina Nazarenko	Sun	2019-04-25 17:20:58
829	Polina Nazarenko	Sound	2019-04-25 17:21:46
830	Polina Nazarenko	Summer	2019-04-25 17:22:00
831	Polina Nazarenko	See	2019-04-25 17:22:09
832	Polina Nazarenko	Soon	2019-04-25 17:22:19
833	Polina Nazarenko	Sausage	2019-04-25 17:22:44
834	Polina Nazarenko	Say	2019-04-25 17:22:52
835	Polina Nazarenko	Shirt	2019-04-25 17:24:00
836	Polina Nazarenko	Save	2019-04-25 17:24:17
837	Polina Nazarenko	Semolina	2019-04-25 17:24:37
838	Polina Nazarenko	Socks	2019-04-25 17:25:14
839	Polina Nazarenko	Sale	2019-04-25 17:27:34
840	Vladislav Mamenko	Service	2019-04-25 17:30:13
841	Vladislav Mamenko	Street	2019-04-25 17:30:18
842	Vladislav Mamenko	Sore	2019-04-25 17:30:44
843	Vladislav Mamenko	Set	2019-04-25 17:30:53
844	Vladislav Mamenko	Stone	2019-04-25 17:31:04
845	Vladislav Mamenko	Song	2019-04-25 17:31:19
846	Vladislav Mamenko	Swallow	2019-04-25 17:31:42
847	Vladislav Mamenko	Swollen	2019-04-25 17:31:47
848	Vladislav Mamenko	Sink	2019-04-25 17:32:01
849	Vladislav Mamenko	Stars	2019-04-25 17:32:16
850	Vladislav Mamenko	Starring	2019-04-25 17:32:20
851	Vladislav Mamenko	Store	2019-04-25 17:32:25
852	Vladislav Mamenko	Stereotype	2019-04-25 17:32:43
853	Vladislav Mamenko	Shoes	2019-04-25 17:32:49
854	Vladislav Mamenko	Sure	2019-04-25 17:33:00
855	Vladislav Mamenko	Sum	2019-04-25 17:33:06
856	Vladislav Mamenko	Summer	2019-04-25 17:33:12
857	Vladislav Mamenko	Summary	2019-04-25 17:33:15
858	Vladislav Mamenko	Stolen	2019-04-25 17:33:27
859	Vladislav Mamenko	Setting	2019-04-25 17:33:52
860	Vladislav Mamenko	Salmon	2019-04-25 17:34:44
861	Vladislav Mamenko	Salmonella	2019-04-25 17:34:49
862	Vladislav Mamenko	Servant	2019-04-25 17:35:02
863	Vladislav Mamenko	Seed	2019-04-25 17:35:17
864	Vladislav Mamenko	Sovereign	2019-04-25 17:35:30
865	Vladislav Mamenko	Sedate	2019-04-25 17:36:17
866	Vladislav Mamenko	Stoned	2019-04-25 17:36:28
867	Vladislav Mamenko	Swan	2019-04-25 17:36:51
868	Vladislav Mamenko	Sinus	2019-04-25 17:37:29
869	Vladislav Mamenko	Shut	2019-04-25 17:38:04
870	Vladislav Mamenko	Shuttle	2019-04-25 17:38:13
871	Vladislav Mamenko	Sarah	2019-04-25 17:38:50
872	Vladislav Mamenko	Salty	2019-04-25 17:39:01
873	Vladislav Mamenko	Salary	2019-04-25 17:39:04
874	Vladislav Mamenko	Salad	2019-04-25 17:39:07
875	Vladislav Mamenko	Shall	2019-04-25 17:39:15
876	Vladislav Mamenko	Score	2019-04-25 17:39:21
877	Vladislav Mamenko	Shy	2019-04-25 17:39:38
878	Vladislav Mamenko	Should	2019-04-25 17:39:48
879	Vladislav Mamenko	Soak	2019-04-25 17:40:20
880	Vladislav Mamenko	Soap	2019-04-25 17:40:25
881	Vladislav Mamenko	Seeking	2019-04-25 17:40:30
882	Vladislav Mamenko	Sand	2019-04-25 17:40:42
883	Vladislav Mamenko	Sandy	2019-04-25 17:40:46
884	Vladislav Mamenko	Surprise	2019-04-25 17:41:05
885	Vladislav Mamenko	Stand	2019-04-25 17:41:10
886	Vladislav Mamenko	Scatter	2019-04-25 17:41:22
887	Vladislav Mamenko	Spatter	2019-04-25 17:41:26
888	Vladislav Mamenko	Surface	2019-04-25 17:41:59
889	Vladislav Mamenko	Scar	2019-04-25 17:42:26
890	Vladislav Mamenko	Spot	2019-04-25 17:43:15
891	Vladislav Mamenko	Stop	2019-04-25 17:43:18
892	Vladislav Mamenko	Spotless	2019-04-25 17:43:21
893	Vladislav Mamenko	Sometimes	2019-04-25 17:43:33
894	Vladislav Mamenko	Something	2019-04-25 17:44:02
895	Vladislav Mamenko	Some	2019-04-25 17:44:09
896	Vladislav Mamenko	Stab	2019-04-25 17:44:21
897	Vladislav Mamenko	Second	2019-04-25 17:44:46
898	Vladislav Mamenko	Shed	2019-04-25 17:45:24
899	Vladislav Mamenko	Shred	2019-04-25 17:45:29
900	Vladislav Mamenko	Something	2019-04-25 17:44:02
901	Vladislav Mamenko	Some	2019-04-25 17:44:09
902	Vladislav Mamenko	Stab	2019-04-25 17:44:21
903	Vladislav Mamenko	Second	2019-04-25 17:44:46
904	Vladislav Mamenko	Shed	2019-04-25 17:45:24
905	Vladislav Mamenko	Shred	2019-04-25 17:45:29
906	Vladislav Mamenko	Starve	2019-04-25 17:46:02
907	Vladislav Mamenko	Stuck	2019-04-25 17:46:06
908	Vladislav Mamenko	Spoon	2019-04-25 17:46:28
909	Vladislav Mamenko	Squeeze	2019-04-25 17:46:31
910	Vladislav Mamenko	Spite	2019-04-25 17:46:47
911	Vladislav Mamenko	Spike	2019-04-25 17:46:58
912	Vladislav Mamenko	Spicy	2019-04-25 17:47:06
913	Polina Nazarenko	Surf	2019-04-25 18:15:39
914	Polina Nazarenko	Sugar	2019-04-25 18:16:18
915	Polina Nazarenko	Scarf	2019-04-25 18:16:30
916	Alexey Grachev	–ù–µ –∑–Ω–∞—é, –ø–æ–ª—å–∑—É—é—Å—å –ê–Ω–≥–ª–∏–π—Å–∫–∏–º –¥–∞–≤–Ω–æ –≤ —ç—Ç–æ–º —Å–∞–π—Ç–µ Puzzle English ,–º–∞—Å—Ç–µ—Ä—Å—Ç–≤–æ —Ç–∞–∫ –∏ –ø—Ä–µ—Ç —à—É—á—É –Ω—Ä–∞–≤–∏—Ç—Å—è —Ç–æ —á—Ç–æ –º–æ–∂–Ω–æ –ø—Ä–æ–±–æ–≤–∞—Ç—å –±–µ—Å–ø–ª–∞—Ç–Ω–æ –¥–∞ –∏ —Ä–µ–≥–∏—Å—Ç—Ä–∞—Ü–∏—è –ø—Ä–æ—Å—Ç–∞—è )) –¢–∞–∫ —á—Ç–æ –≤—Å–µ–º —É—Å–ø–µ—Ö–æ–≤!cc—ã–ª–∫–∞ https://ad.admitad.com/g/0abba212ff9ede07e1181ac5a4392d/	2019-04-25 18:24:27
917	Tatyana Mikhaylovskaya	Science	2019-04-25 19:37:09
918	Masha Zubkova	Scare	2019-04-26 00:46:42
919	Masha Zubkova	Size	2019-04-26 00:46:47
920	Masha Zubkova	Summarise	2019-04-26 00:47:06
921	Masha Zubkova	Sweat	2019-04-26 00:47:35
922	Masha Zubkova	Steam	2019-04-26 00:47:41
923	Masha Zubkova	Sweet	2019-04-26 00:47:58
924	Masha Zubkova	Sunshine	2019-04-26 00:48:18
925	Masha Zubkova	Suit	2019-04-26 00:51:23
926	Masha Zubkova	Swing	2019-04-26 00:51:37
927	Masha Zubkova	Supper	2019-04-26 00:51:56
928	Masha Zubkova	Site	2019-04-26 00:52:08
929	Masha Zubkova	Sour	2019-04-26 00:52:26
930	Masha Zubkova	Slim	2019-04-26 00:52:42
931	Masha Zubkova	Snack	2019-04-26 00:52:49
932	Masha Zubkova	Still	2019-04-26 00:53:09
933	Masha Zubkova	Steel	2019-04-26 00:53:13
934	Masha Zubkova	Stare	2019-04-26 00:55:29
935	Masha Zubkova	Success	2019-04-26 00:55:36
936	Masha Zubkova	Sound	2019-04-26 00:55:43
937	Masha Zubkova	Stone	2019-04-26 00:57:00
938	Masha Zubkova	Scissors	2019-04-26 00:57:11
939	Rodion Biktimirov	–í –∏–Ω—Ç–µ—Ä–Ω–µ—Ç–µ –Ω–µ –º–æ–≥—É –Ω–∏–≥–¥–µ –Ω–∞–π—Ç–∏ —Ç–µ–∫—Å—Ç, –Ω–µ–∫–æ—Ç–æ—Ä—ã–µ —Å–ª–æ–≤–∞ –Ω–µ —Ä–∞–∑–±–∏—Ä–∞—é, –º–æ–∂–µ—Ç –∫—Ç–æ –ø–æ–º–æ—á—å —Å–æ—Å—Ç–∞–≤–∏—Ç—å –µ–≥–æ? –ö–æ–º—É —É–∂ —Å–æ–≤—Å–µ–º –Ω–µ—á–µ–º –∑–∞–Ω—è—Ç—å—Å—è, –¥–∞ –∏–ª–∏ –ø—Ä–æ—Å—Ç–æ —Ö–æ—Ç—è –±—ã –Ω–∞–π—Ç–∏ –µ–≥–æ. –°–ø–∞—Å–∏–±–æ.	2019-04-26 01:01:09
940	Lyosha Mironov	–ß—Ç–æ –ø—Ä–æ–∏—Å—Ö–æ–¥–∏—Ç —Å linualeo? –°–∞–π—Ç –Ω–µ –¥–æ—Å—Ç—É–ø–µ–Ωüò∞	2019-04-26 05:20:13
941	Polina Nazarenko	Stay	2019-04-27 14:33:43
942	Polina Nazarenko	Story	2019-04-27 14:34:14
943	Ivan Dubov	Spouse	2019-04-28 17:28:17
944	Ivan Dubov	Suspend	2019-04-28 17:28:31
945	Natalia Kim Stanco	"–°–ø–∞—Å–∏–±–æ 
...–∞–±–¥—É–ª –Ω–∞ –°—ã—Ä–æ–≤—É –æ—Ç Soul)"	2019-04-29 02:47:06
