set,level
beginner_set,Beginner
Everyday Life stories 1,Elementary/Pre-Intermediate
Pocahontas,Elementary/Pre-Intermediate
Robin Hood,Elementary/Pre-Intermediate
The Call of the Wild,Elementary/Pre-Intermediate
Around the World in eighty days,Elementary/Pre-Intermediate
A little princess,Elementary/Pre-Intermediate
Detective stories,Elementary/Pre-Intermediate
Folktales,Elementary/Pre-Intermediate
Heroes in Fairy Tales,Elementary/Pre-Intermediate
the adventures of tom sawyer part 1,Elementary/Pre-Intermediate
the adventures of tom sawyer part 2,Elementary/Pre-Intermediate
The Woman in Black,Elementary/Pre-Intermediate
Charlotte's Web,Elementary/Pre-Intermediate
Exploring Space,Elementary/Pre-Intermediate
Facts about Britain,Intermediate
Alice in Wonderland,Intermediate
Anne of Green Gables,Intermediate
London,Intermediate
Myths and Legends,Intermediate
O'Henry Part 1,Intermediate
O'Henry Part 2,Intermediate
O'Henry Part 3,Intermediate
O'Henry Part 4,Intermediate
O'Henry Part 5,Intermediate
Anecdotes and real-life stories Part 1,Intermediate
Anecdotes and real-life stories Part 2,Intermediate
Britain,Intermediate
Persuasion,Intermediate
Peter Pan Part 1,Intermediate
Peter Pan Part 2,Intermediate
Peter Pan Part 3,Intermediate
Peter Pan Part 4,Intermediate
Peter Pan Part 5,Intermediate
Robinson Crusoe,Intermediate
The Count of Monte Cristo,Intermediate
James Bond Part 1,Upper-Intermediate
James Bond Part 2,Upper-Intermediate
James Bond Part 3,Upper-Intermediate
James Bond Part 4,Upper-Intermediate
The Secret Garden,Upper-Intermediate
The Thirty-Nine Steps Part 1,Upper-Intermediate
The Thirty-Nine Steps Part 2,Upper-Intermediate
Travel Tips,Upper-Intermediate
Wildlife Wonders,Upper-Intermediate
Everyday Life stories 2,Upper-Intermediate
Manchester United,Upper-Intermediate
Planet Earth,Upper-Intermediate
Quirky News,Upper-Intermediate
Short Stories,Upper-Intermediate
Stories for Great Holidays,Upper-Intermediate
Studying Abroad,Upper-Intermediate
Teens Talk,Upper-Intermediate
The Adventures of Huckleberry Finn,Upper-Intermediate
The Adventures of Sherlock Holmes,Upper-Intermediate
Art,Upper-Intermediate
Movies,Advanced
Music,Advanced
Notes from an English Farm,Advanced
Nutrition,Advanced
Personal Technology,Advanced
Pets,Advanced
Politics & Economy,Advanced
Science in News,Advanced
Self,Advanced
Sport,Advanced
Stories,Advanced
Technology Part 1,Advanced
Technology Part 2,Advanced
The Great People,Advanced
The Memoirs of Sherlock Holmes,Advanced
Travel to the UK,Advanced
Traveling Part 1,Advanced
Traveling Part 2,Advanced
Traveling Part 3,Advanced
Views of the Americas,Advanced
Work and Career,Advanced
Business,Advanced
Countries of the world,Advanced
Different Stories,Advanced
Education,Advanced
Family,Advanced
Food,Advanced
Health,Advanced
History,Advanced
Home,Advanced
In the News,Advanced
Inventions,Advanced
Learning Languages,Advanced
Lifestyle,Advanced
Make it Digital,Advanced
