set,level
beginner_set,Beginner
Everyday Life stories 1,Elementary
Pocahontas,Elementary
Robin Hood,Elementary
The Call of the Wild,Elementary
Around the World in eighty days,PreIntermediate
A little princess,PreIntermediate
Detective stories,PreIntermediate
Folktales,PreIntermediate
Heroes in Fairy Tales,PreIntermediate
the adventures of tom sawyer part 1,PreIntermediate
the adventures of tom sawyer part 2,PreIntermediate
The Woman in Black,PreIntermediate
Charlotte's Web,PreIntermediate
Exploring Space,PreIntermediate
Facts about Britain,Intermediate
Alice in Wonderland,Intermediate
Anne of Green Gables,Intermediate
London,Intermediate
Myths and Legends,Intermediate
O'Henry Part 1,Intermediate
O'Henry Part 2,Intermediate
O'Henry Part 3,Intermediate
O'Henry Part 4,Intermediate
O'Henry Part 5,Intermediate
Anecdotes and real-life stories Part 1,Intermediate
Anecdotes and real-life stories Part 2,Intermediate
Britain,Intermediate
Persuasion,Intermediate
Peter Pan Part 1,Intermediate
Peter Pan Part 2,Intermediate
Peter Pan Part 3,Intermediate
Peter Pan Part 4,Intermediate
Peter Pan Part 5,Intermediate
Robinson Crusoe,Intermediate
The Count of Monte Cristo,Intermediate
James Bond Part 1,UpperIntermediate
James Bond Part 2,UpperIntermediate
James Bond Part 3,UpperIntermediate
James Bond Part 4,UpperIntermediate
The Secret Garden,UpperIntermediate
The Thirty-Nine Steps Part 1,UpperIntermediate
The Thirty-Nine Steps Part 2,UpperIntermediate
Travel Tips,UpperIntermediate
Wildlife Wonders,UpperIntermediate
Everyday Life stories 2,UpperIntermediate
Manchester United,UpperIntermediate
Planet Earth,UpperIntermediate
Quirky News,UpperIntermediate
Short Stories,UpperIntermediate
Stories for Great Holidays,UpperIntermediate
Studying Abroad,UpperIntermediate
Teens Talk,UpperIntermediate
The Adventures of Huckleberry Finn,UpperIntermediate
The Adventures of Sherlock Holmes,UpperIntermediate
Art,UpperIntermediate
Movies,Advanced
Music,Advanced
Notes from an English Farm,Advanced
Nutrition,Advanced
Personal Technology,Advanced
Pets,Advanced
Politics & Economy,Advanced
Science in News,Advanced
Self,Advanced
Sport,Advanced
Stories,Advanced
Technology Part 1,Advanced
Technology Part 2,Advanced
The Great People,Advanced
The Memoirs of Sherlock Holmes,Advanced
Travel to the UK,Advanced
Traveling Part 1,Advanced
Traveling Part 2,Advanced
Traveling Part 3,Advanced
Views of the Americas,Advanced
Work and Career,Advanced
Business,Advanced
Countries of the world,Advanced
Different Stories,Advanced
Education,Advanced
Family,Advanced
Food,Advanced
Health,Advanced
History,Advanced
Home,Advanced
In the News,Advanced
Inventions,Advanced
Learning Languages,Advanced
Lifestyle,Advanced
Make it Digital,Advanced
